{
  "seed": 22022230,
  "runs_per_profile": 1000,
  "assumptions": {
    "session_minutes": {
      "cautious": 15,
      "active": 30,
      "efficient": 45
    },
    "fight_or_action_every_minutes": 3.2,
    "one_exploration_run_per_session": true,
    "login_reward_claimed_daily": true,
    "quest_completion_is_profile_probability": true
  },
  "groups": {
    "before_cautious": {
      "first_victory_min": {
        "p10": 2.2,
        "median": 2.2,
        "p90": 5.4,
        "mean": 3.30639999999996
      },
      "first_hatch_min": {
        "p10": 6.4,
        "median": 6.4,
        "p90": 6.4,
        "mean": 6.39999999999991
      },
      "second_biome_min": {
        "p10": 12,
        "median": 12,
        "p90": 12,
        "mean": 12
      },
      "level_d1": {
        "p10": 2,
        "median": 2,
        "p90": 3,
        "mean": 2.436
      },
      "level_d3": {
        "p10": 3,
        "median": 4,
        "p90": 5,
        "mean": 4.054
      },
      "level_d7": {
        "p10": 6,
        "median": 7,
        "p90": 8,
        "mean": 7.057
      },
      "level_d14": {
        "p10": 11,
        "median": 12,
        "p90": 13,
        "mean": 12.011
      },
      "gold": {
        "p10": 10665,
        "median": 11609,
        "p90": 12603,
        "mean": 11619.446
      },
      "dust": {
        "p10": 935,
        "median": 965,
        "p90": 1010,
        "mean": 967.505
      },
      "eggs": {
        "p10": 11,
        "median": 17,
        "p90": 23,
        "mean": 17.198
      },
      "dragons": {
        "p10": 22,
        "median": 24,
        "p90": 26,
        "mean": 23.926
      },
      "upgrades": {
        "p10": 5,
        "median": 7,
        "p90": 10,
        "mean": 7.524
      },
      "win_rate": {
        "p10": 0.5192307692307693,
        "median": 0.6037735849056604,
        "p90": 0.6923076923076923,
        "mean": 0.603769172326017
      },
      "first5_win_rate": {
        "p10": 0.4,
        "median": 0.6,
        "p90": 1,
        "mean": 0.6436000000000013
      },
      "avg_battle_turns": {
        "p10": 6.846153846153846,
        "median": 7.08,
        "p90": 7.339622641509434,
        "mean": 7.088760459203775
      },
      "empty_flight": {
        "p10": 0.34,
        "median": 0.34,
        "p90": 0.34,
        "mean": 0.339999999999996
      },
      "stranded_runs": {
        "p10": 0,
        "median": 2,
        "p90": 3,
        "mean": 1.813
      },
      "blocked": {
        "p10": 0,
        "median": 0,
        "p90": 0,
        "mean": 0.033
      },
      "both_zero_days": {
        "p10": 0,
        "median": 0,
        "p90": 0,
        "mean": 0
      },
      "tutorial_complete": {
        "p10": 0,
        "median": 1,
        "p90": 1,
        "mean": 0.815
      }
    },
    "before_active": {
      "first_victory_min": {
        "p10": 2.2,
        "median": 2.2,
        "p90": 2.2,
        "mean": 2.638399999999986
      },
      "first_hatch_min": {
        "p10": 6.4,
        "median": 6.4,
        "p90": 6.4,
        "mean": 6.39999999999991
      },
      "second_biome_min": {
        "p10": 12,
        "median": 12,
        "p90": 12,
        "mean": 12
      },
      "level_d1": {
        "p10": 3,
        "median": 4,
        "p90": 5,
        "mean": 3.976
      },
      "level_d3": {
        "p10": 7,
        "median": 8,
        "p90": 9,
        "mean": 8.254
      },
      "level_d7": {
        "p10": 15,
        "median": 16,
        "p90": 17,
        "mean": 16.136
      },
      "level_d14": {
        "p10": 27,
        "median": 29,
        "p90": 30,
        "mean": 28.808
      },
      "gold": {
        "p10": 27630,
        "median": 30396,
        "p90": 33265,
        "mean": 30423.042
      },
      "dust": {
        "p10": 995,
        "median": 1025,
        "p90": 1055,
        "mean": 1021.865
      },
      "eggs": {
        "p10": 1,
        "median": 5,
        "p90": 11,
        "mean": 5.427
      },
      "dragons": {
        "p10": 54,
        "median": 61,
        "p90": 65,
        "mean": 60.177
      },
      "upgrades": {
        "p10": 6,
        "median": 8,
        "p90": 10,
        "mean": 7.854
      },
      "win_rate": {
        "p10": 0.6451612903225806,
        "median": 0.7,
        "p90": 0.752,
        "mean": 0.699478670398907
      },
      "first5_win_rate": {
        "p10": 0.6,
        "median": 0.8,
        "p90": 1,
        "mean": 0.7487999999999988
      },
      "avg_battle_turns": {
        "p10": 6.804511278195489,
        "median": 6.946153846153846,
        "p90": 7.082089552238806,
        "mean": 6.948972512008791
      },
      "empty_flight": {
        "p10": 0.34,
        "median": 0.34,
        "p90": 0.34,
        "mean": 0.339999999999996
      },
      "stranded_runs": {
        "p10": 0,
        "median": 2,
        "p90": 3,
        "mean": 1.801
      },
      "blocked": {
        "p10": 0,
        "median": 1,
        "p90": 1,
        "mean": 0.84
      },
      "both_zero_days": {
        "p10": 0,
        "median": 0,
        "p90": 0,
        "mean": 0
      },
      "tutorial_complete": {
        "p10": 1,
        "median": 1,
        "p90": 1,
        "mean": 0.903
      }
    },
    "before_efficient": {
      "first_victory_min": {
        "p10": 2.2,
        "median": 2.2,
        "p90": 2.2,
        "mean": 2.4559999999999977
      },
      "first_hatch_min": {
        "p10": 6.4,
        "median": 6.4,
        "p90": 6.4,
        "mean": 6.39999999999991
      },
      "second_biome_min": {
        "p10": 12,
        "median": 12,
        "p90": 12,
        "mean": 12
      },
      "level_d1": {
        "p10": 5,
        "median": 6,
        "p90": 7,
        "mean": 6.088
      },
      "level_d3": {
        "p10": 13,
        "median": 14,
        "p90": 15,
        "mean": 14.083
      },
      "level_d7": {
        "p10": 27,
        "median": 28,
        "p90": 30,
        "mean": 28.419
      },
      "level_d14": {
        "p10": 49,
        "median": 51,
        "p90": 54,
        "mean": 51.354
      },
      "gold": {
        "p10": 77097,
        "median": 83552,
        "p90": 90653,
        "mean": 83727.843
      },
      "dust": {
        "p10": 1025,
        "median": 1055,
        "p90": 1055,
        "mean": 1044.815
      },
      "eggs": {
        "p10": 0,
        "median": 1,
        "p90": 4,
        "mean": 1.442
      },
      "dragons": {
        "p10": 81,
        "median": 93,
        "p90": 103,
        "mean": 92.264
      },
      "upgrades": {
        "p10": 6,
        "median": 8,
        "p90": 11,
        "mean": 8.302
      },
      "win_rate": {
        "p10": 0.7649572649572649,
        "median": 0.7982062780269058,
        "p90": 0.8326359832635983,
        "mean": 0.7988191653849228
      },
      "first5_win_rate": {
        "p10": 0.6,
        "median": 0.8,
        "p90": 1,
        "mean": 0.8219999999999968
      },
      "avg_battle_turns": {
        "p10": 6.708333333333333,
        "median": 6.8054298642533935,
        "p90": 6.904347826086957,
        "mean": 6.806148587653672
      },
      "empty_flight": {
        "p10": 0.34,
        "median": 0.34,
        "p90": 0.34,
        "mean": 0.339999999999996
      },
      "stranded_runs": {
        "p10": 0,
        "median": 2,
        "p90": 3,
        "mean": 1.869
      },
      "blocked": {
        "p10": 0,
        "median": 0,
        "p90": 0,
        "mean": 0.005
      },
      "both_zero_days": {
        "p10": 0,
        "median": 0,
        "p90": 0,
        "mean": 0
      },
      "tutorial_complete": {
        "p10": 1,
        "median": 1,
        "p90": 1,
        "mean": 0.938
      }
    },
    "after_cautious": {
      "first_victory_min": {
        "p10": 2.2,
        "median": 2.2,
        "p90": 5.4,
        "mean": 3.189599999999965
      },
      "first_hatch_min": {
        "p10": 6.4,
        "median": 6.4,
        "p90": 6.4,